Total Revenue,Gross Profit Margin (%),Average Order Value,Customer Lifetime Value
20860,15.086289549376797,695.3333333333334,3476.666666666667
